{"sections":{"cart":{"type":"main-cart","blocks":{"subtotal":{"type":"subtotal","settings":{}},"buttons":{"type":"buttons","settings":{}}},"block_order":["subtotal","buttons"],"settings":{"show_vendor":true,"show_cart_note":true,"show_shipping_calculator":true,"image_ratio":"square","padding_top":40,"padding_bottom":40}},"1aca2f82-614c-42c0-afb0-cfafd4689d8d":{"type":"main-cart-recommendations","settings":{"title":"You may also like","subtitle":"","heading_size":"h1","products_to_show":4,"columns_desktop":4,"product_list":[],"full_width":false,"color_scheme":"","image_ratio":"adapt","show_secondary_image":true,"show_vendor":false,"show_rating":true,"enable_quick_add":true,"enable_quick_view":true,"enable_compare":true,"show_color_swatches":true,"color_swatches_style":"custom","columns_tablet":"3","columns_mobile":"1","padding_top":36,"padding_bottom":36}}},"order":["cart","1aca2f82-614c-42c0-afb0-cfafd4689d8d"]}