{"sections":{"banner":{"type":"main-collection-banner","blocks":{"e83d1f32-c65d-42e6-9d33-6b71803d16dc":{"type":"collection_icon","settings":{"collection":"","icon":"computers"}},"4fbcac9e-c27d-4d4e-9549-35730111dffe":{"type":"collection_icon","settings":{"collection":"","icon":"cellphone"}},"46b183e0-1c4a-4c4b-9f1a-a99484771399":{"type":"collection_icon","settings":{"collection":"","icon":"book_open"}},"b2983b3f-e3c1-4c57-83cf-9bb714e21839":{"type":"collection_icon","settings":{"collection":"","icon":"audio"}},"6706735a-b87e-41b5-9761-42fdf16ade06":{"type":"collection_icon","settings":{"collection":"","icon":"camera"}},"72b9ace9-3125-4441-89a4-8d956338dc7e":{"type":"collection_icon","settings":{"collection":"","icon":"appliances"}},"2e123320-75bd-49bd-93ca-e935641e26fc":{"type":"collection_icon","settings":{"collection":"","icon":"laptop"}},"28e78e22-1d7d-4efb-9b2d-b58b653de9ef":{"type":"collection_icon","settings":{"collection":"","icon":"box"}}},"block_order":["e83d1f32-c65d-42e6-9d33-6b71803d16dc","4fbcac9e-c27d-4d4e-9549-35730111dffe","46b183e0-1c4a-4c4b-9f1a-a99484771399","b2983b3f-e3c1-4c57-83cf-9bb714e21839","6706735a-b87e-41b5-9761-42fdf16ade06","72b9ace9-3125-4441-89a4-8d956338dc7e","2e123320-75bd-49bd-93ca-e935641e26fc","28e78e22-1d7d-4efb-9b2d-b58b653de9ef"],"settings":{"show_number_of_products":true,"collection_icon_color_scheme":"background-1"}},"product-grid":{"type":"main-collection-product-grid","blocks":{"b956e729-3f73-41ea-8f6f-4162743c81b7":{"type":"category_filter_icon","settings":{"trigger":"Computers & tablets","icon":"computers"}},"35ce6bc3-b36c-404c-9cd4-aa917dfe7802":{"type":"category_filter_icon","settings":{"trigger":"Cellphones & accessories","icon":"cellphone"}},"4ea7a827-8579-4c44-ae4c-37eb6fdcb9cc":{"type":"category_filter_icon","settings":{"trigger":"Cameras, camcorders","icon":"camera"}},"54ca538a-6880-4ba5-96a8-07839008ca90":{"type":"category_filter_icon","settings":{"trigger":"Others","icon":"newspaper"}}},"block_order":["b956e729-3f73-41ea-8f6f-4162743c81b7","35ce6bc3-b36c-404c-9cd4-aa917dfe7802","4ea7a827-8579-4c44-ae4c-37eb6fdcb9cc","54ca538a-6880-4ba5-96a8-07839008ca90"],"settings":{"products_per_page":16,"columns_desktop":4,"pagination_style":"numbers","image_ratio":"adapt","show_secondary_image":true,"show_vendor":true,"show_rating":true,"include_collection_in_url":true,"enable_quick_add":true,"enable_compare":true,"enable_quick_view":true,"show_color_swatches":true,"color_swatches_style":"custom","enable_filtering":true,"filter_type":"vertical","filter_include_group_name":true,"enable_sorting":true,"categories_filter":"categories","show_collection_description":true,"description_position":"above","description_style":"body","description_alignment":"left","columns_tablet":"3","columns_mobile":"2","padding_top":40,"padding_bottom":40}},"71a8c881-bbb2-43fc-8755-1c19de3ab3fb":{"type":"image-banner","blocks":{"template--20124662661421__71a8c881-bbb2-43fc-8755-1c19de3ab3fb-text-1":{"type":"text","settings":{"text":"Your description text","text_style":"body"}},"template--20124662661421__71a8c881-bbb2-43fc-8755-1c19de3ab3fb-heading-1":{"type":"heading","settings":{"heading":"Banner heading"}},"f234c9b8-dd29-4c60-bfe3-9c574468d667":{"type":"countdown","settings":{"date":""}},"template--20124662661421__71a8c881-bbb2-43fc-8755-1c19de3ab3fb-buttons-1":{"type":"buttons","settings":{"button_label_1":"Button label","button_link_1":"","button_style_1":"primary","button_label_2":"","button_link_2":"shopify:\/\/collections\/woodstock-computer","button_style_2":"primary"}}},"block_order":["template--20124662661421__71a8c881-bbb2-43fc-8755-1c19de3ab3fb-text-1","template--20124662661421__71a8c881-bbb2-43fc-8755-1c19de3ab3fb-heading-1","f234c9b8-dd29-4c60-bfe3-9c574468d667","template--20124662661421__71a8c881-bbb2-43fc-8755-1c19de3ab3fb-buttons-1"],"settings":{"layout":"grid","image":"shopify:\/\/shop_images\/computers-shop-banner.jpg","image_overlay_opacity":0,"image_height":"small","image_height_mobile":"medium-mobile","desktop_content_position":"middle-center","desktop_content_alignment":"center","mobile_content_alignment":"center","show_text_below_image":false,"color_text":"#ffffff","gradient_heading_desktop":"","color_button_text_1":"#ffffff","color_button_1":"#dc2626","color_button_text_2":"#000000","color_button_2":"#ffffff","colors_badge_foreground":"#ffffff","colors_badge_background":"#f87171","color_countdown_foreground":"#000000","color_countdown_background":"#ffffff","color_text_mobile":"#ffffff","gradient_heading_mobile":"","color_button_text_1_mobile":"#000000","color_button_1_mobile":"#ffffff","color_button_text_2_mobile":"#000000","color_button_2_mobile":"#ffffff","colors_badge_foreground_mobile":"#ffffff","colors_badge_background_mobile":"#f87171","color_countdown_foreground_mobile":"#000000","color_countdown_background_mobile":"#ffffff","background_container_mobile":"#565656","gradient_background_container_mobile":"","padding_top":40,"padding_bottom":40}},"80c7fe04-64c4-420c-aa28-d0c1d28eb7e8":{"type":"scrolling-text","blocks":{"template--20124662661421__80c7fe04-64c4-420c-aa28-d0c1d28eb7e8-normal_text-1":{"type":"normal_text","settings":{"title":"<strong>Your text 1<\/strong>","link":"#","use_outline_text":false,"text_stroke":2,"gradient_color":"linear-gradient(270deg, rgba(241, 130, 49, 1), rgba(253, 212, 32, 1) 51.04%, rgba(143, 202, 72, 1) 100%)"}},"ddbff642-45a9-41aa-9709-8b0ae6636866":{"type":"normal_text","settings":{"title":"<strong>-<\/strong>","link":"","use_outline_text":false,"text_stroke":5,"gradient_color":"linear-gradient(270deg, rgba(122, 158, 228, 1), rgba(244, 86, 86, 1) 97.77%)"}},"a9fc78f8-8846-4864-b16b-982c3cd38d17":{"type":"normal_text","settings":{"title":"<strong>Your text 2<\/strong>","link":"#","use_outline_text":false,"text_stroke":2,"gradient_color":"linear-gradient(270deg, rgba(241, 92, 49, 1), rgba(253, 212, 32, 1) 51.04%, rgba(72, 202, 202, 1) 100%)"}},"c83d5217-3322-4bfa-a194-daf253cbea5a":{"type":"normal_text","settings":{"title":"<strong>-<\/strong>","link":"","use_outline_text":false,"text_stroke":5,"gradient_color":"linear-gradient(270deg, rgba(122, 158, 228, 1), rgba(244, 86, 86, 1) 97.77%)"}},"87f4a1c8-7d1c-464e-b1af-c7dadedb54ad":{"type":"normal_text","settings":{"title":"<strong>Your text 3<\/strong>","link":"#","use_outline_text":false,"text_stroke":5,"gradient_color":"linear-gradient(270deg, rgba(241, 49, 118, 1), rgba(253, 212, 32, 1) 51.04%, rgba(143, 202, 72, 1) 100%)"}},"cdf1448d-c5b2-4df8-9dae-8e7dca3fe6d6":{"type":"normal_text","settings":{"title":"<strong>-<\/strong>","link":"","use_outline_text":false,"text_stroke":5,"gradient_color":"linear-gradient(270deg, rgba(122, 158, 228, 1), rgba(244, 86, 86, 1) 97.77%)"}}},"block_order":["template--20124662661421__80c7fe04-64c4-420c-aa28-d0c1d28eb7e8-normal_text-1","ddbff642-45a9-41aa-9709-8b0ae6636866","a9fc78f8-8846-4864-b16b-982c3cd38d17","c83d5217-3322-4bfa-a194-daf253cbea5a","87f4a1c8-7d1c-464e-b1af-c7dadedb54ad","cdf1448d-c5b2-4df8-9dae-8e7dca3fe6d6"],"settings":{"layout":"full_bleed","scrolling_speed":10,"pause_on_hover":true,"direction":"normal","spacing":5,"color_scheme":"","font_size":48,"padding_top":40,"padding_bottom":40}}},"order":["banner","product-grid","71a8c881-bbb2-43fc-8755-1c19de3ab3fb","80c7fe04-64c4-420c-aa28-d0c1d28eb7e8"]}