{"sections":{"518b8ced-997b-408e-84d5-64fe5082a6a1":{"type":"slideshow","blocks":{"template--18627972890925__518b8ced-997b-408e-84d5-64fe5082a6a1-168102112962a89f2d-0":{"type":"slide","settings":{"badge_label":"Badge label","heading":"Heading","text":"Your text","hide_text_on_mobile":false,"button_label":"Button label","price":"","link":"","button_style":"primary","box_align":"middle-left","text_alignment":"left","desktop_image_width":"full","desktop_image_position":"left","image_overlay_opacity":0,"text_alignment_mobile":"left","colors_text":"#ffffff","colors_background":"#000000","colors_badge_foreground":"#ffffff","colors_badge_background":"#f87171","colors_button_text":"#121212","colors_button":"#ffffff","colors_text_mobile":"#ffffff","colors_background_mobile":"#000000","colors_badge_foreground_mobile":"#ffffff","colors_badge_background_mobile":"#f87171","colors_button_text_mobile":"#000000","colors_button_mobile":"#ffffff"}},"template--18627972890925__518b8ced-997b-408e-84d5-64fe5082a6a1-168102112962a89f2d-1":{"type":"slide","settings":{"badge_label":"Button label","heading":"Heading","text":"Your text","hide_text_on_mobile":false,"button_label":"Button label","price":"","link":"","button_style":"primary","box_align":"middle-right","text_alignment":"right","desktop_image_width":"full","desktop_image_position":"left","image_overlay_opacity":0,"text_alignment_mobile":"right","colors_text":"#ffffff","colors_background":"#000000","colors_badge_foreground":"#ffffff","colors_badge_background":"#535975","colors_button_text":"#000000","colors_button":"#ffffff","colors_text_mobile":"#ffffff","colors_background_mobile":"#000000","colors_badge_foreground_mobile":"#ffffff","colors_badge_background_mobile":"#535975","colors_button_text_mobile":"#000000","colors_button_mobile":"#ffffff"}},"6d524d43-1bde-474f-b4c0-f6b07a06c8be":{"type":"slide","settings":{"badge_label":"Badge label","heading":"Heading","text":"Your text","hide_text_on_mobile":false,"button_label":"Button label","price":"","link":"","button_style":"primary","box_align":"middle-center","text_alignment":"center","desktop_image_width":"full","desktop_image_position":"left","image_overlay_opacity":0,"text_alignment_mobile":"center","colors_text":"#ffffff","colors_background":"#ffffff","colors_badge_foreground":"#ffffff","colors_badge_background":"#933737","colors_button_text":"#000000","colors_button":"#ffffff","colors_text_mobile":"#ffffff","colors_background_mobile":"#ffffff","colors_badge_foreground_mobile":"#ffffff","colors_badge_background_mobile":"#933737","colors_button_text_mobile":"#000000","colors_button_mobile":"#ffffff"}}},"block_order":["template--18627972890925__518b8ced-997b-408e-84d5-64fe5082a6a1-168102112962a89f2d-0","template--18627972890925__518b8ced-997b-408e-84d5-64fe5082a6a1-168102112962a89f2d-1","6d524d43-1bde-474f-b4c0-f6b07a06c8be"],"settings":{"layout":"full_bleed","slide_height":"large","slide_height_mobile":"large-mobile","auto_rotate":true,"change_slides_speed":5,"enable_pagination_desktop":true,"enable_navigation_desktop":true,"preload":true,"show_text_below":false,"enable_pagination_mobile":true,"enable_navigation_mobile":true,"accessibility_info":"Slideshow about our brand","padding_top":0,"padding_bottom":40}},"1aded6ef-5727-4347-bf56-9fc610343e55":{"type":"collection-list","blocks":{"template--18418624921901__1aded6ef-5727-4347-bf56-9fc610343e55-1680769155d946d1f5-0":{"type":"featured_collection","settings":{"collection":"","custom_title":""}},"template--18418624921901__1aded6ef-5727-4347-bf56-9fc610343e55-1680769155d946d1f5-1":{"type":"featured_collection","settings":{"collection":"","custom_title":""}},"template--18418624921901__1aded6ef-5727-4347-bf56-9fc610343e55-1680769155d946d1f5-2":{"type":"featured_collection","settings":{"collection":"","custom_title":""}},"template--18418624921901__1aded6ef-5727-4347-bf56-9fc610343e55-1680769155d946d1f5-3":{"type":"featured_collection","settings":{"collection":"","custom_title":""}}},"block_order":["template--18418624921901__1aded6ef-5727-4347-bf56-9fc610343e55-1680769155d946d1f5-0","template--18418624921901__1aded6ef-5727-4347-bf56-9fc610343e55-1680769155d946d1f5-1","template--18418624921901__1aded6ef-5727-4347-bf56-9fc610343e55-1680769155d946d1f5-2","template--18418624921901__1aded6ef-5727-4347-bf56-9fc610343e55-1680769155d946d1f5-3"],"settings":{"title":"Collections","subtitle":"","heading_size":"h1","image_ratio":"adapt","columns_desktop":4,"full_width":true,"enable_desktop_slider":false,"color_scheme":"background-1","show_view_all":false,"show_products_count":true,"columns_tablet":"2","columns_mobile":"1","swipe_on_mobile":true,"padding_top":40,"padding_bottom":40}},"0d643863-a71b-4567-a11d-0b5594aa5fae":{"type":"featured-collection","settings":{"title":"Heading section","subtitle":"","collection":"","heading_size":"h2","products_to_show":6,"columns_desktop":4,"full_width":true,"show_view_all":false,"enable_desktop_slider":true,"color_scheme":"background-1","image_position_desktop":"left","image_height":"adapt_product_list","image_height_mobile":"34","image_ratio":"adapt","show_secondary_image":false,"show_vendor":false,"show_rating":false,"enable_quick_add":true,"enable_compare":true,"enable_quick_view":true,"show_color_swatches":true,"color_swatches_style":"custom","columns_tablet":"3","columns_mobile":"1","swipe_on_mobile":false,"padding_top":40,"padding_bottom":40}},"5b71ef94-4638-489f-ae0b-ff72c1082704":{"type":"featured-collection","settings":{"title":"Heading section","subtitle":"Subheading section","collection":"","heading_size":"h1","products_to_show":3,"columns_desktop":3,"full_width":true,"show_view_all":true,"enable_desktop_slider":false,"color_scheme":"background-1","image_position_desktop":"left","image_height":"adapt_product_list","image_height_mobile":"34","image_ratio":"adapt","show_secondary_image":true,"show_vendor":true,"show_rating":true,"enable_quick_add":true,"enable_compare":true,"enable_quick_view":true,"show_color_swatches":true,"color_swatches_style":"custom","columns_tablet":"3","columns_mobile":"1","swipe_on_mobile":true,"padding_top":40,"padding_bottom":40}},"579dde05-0f38-4f94-be74-555c4e260873":{"type":"gallery","blocks":{"template--18627972890925__579dde05-0f38-4f94-be74-555c4e260873-1681925793128c5672-0":{"type":"text-overlay-image","settings":{"link":"","text":"Text as subtitle","text_style":"subtitle","text_size":"large","heading":"Item heading","heading_size":"h2","heading_uppercase":false,"button_label":"Button","button_style":"secondary","button_size":"normal","button_pin_bottom":true,"horizontal_alignment":"right","vertical_alignment":"start","heading_color":"#0f172a","caption_color":"#0f172a","button_foreground":"#ffffff","button_background":"#0f172a","overlay_color":"#000000","overlay_opacity":0}},"10b3e77d-3878-4876-8e62-56d624a06655":{"type":"text-overlay-image","settings":{"link":"","text":"Text as subtitle","text_style":"subtitle","text_size":"large","heading":"Item heading","heading_size":"h2","heading_uppercase":false,"button_label":"Button","button_style":"secondary","button_size":"normal","button_pin_bottom":true,"horizontal_alignment":"right","vertical_alignment":"start","heading_color":"#0f172a","caption_color":"#0f172a","button_foreground":"#ffffff","button_background":"#0f172a","overlay_color":"#000000","overlay_opacity":0}},"77d7b97c-c8dd-49f5-8c2f-f44e34bee7e0":{"type":"text-overlay-image","settings":{"link":"","text":"Text as subtitle","text_style":"subtitle","text_size":"large","heading":"Item heading","heading_size":"h2","heading_uppercase":false,"button_label":"Button","button_style":"secondary","button_size":"normal","button_pin_bottom":true,"horizontal_alignment":"right","vertical_alignment":"start","heading_color":"#0f172a","caption_color":"#0f172a","button_foreground":"#ffffff","button_background":"#0f172a","overlay_color":"#000000","overlay_opacity":0}},"a32b3da9-ba2e-40dc-bbfa-7e6ba9a5fb53":{"type":"text-overlay-image","settings":{"link":"","text":"Text as subtitle","text_style":"subtitle","text_size":"large","heading":"Item heading","heading_size":"h2","heading_uppercase":false,"button_label":"Button","button_style":"secondary","button_size":"normal","button_pin_bottom":true,"horizontal_alignment":"right","vertical_alignment":"start","heading_color":"#0f172a","caption_color":"#0f172a","button_foreground":"#ffffff","button_background":"#0f172a","overlay_color":"#000000","overlay_opacity":0}}},"block_order":["template--18627972890925__579dde05-0f38-4f94-be74-555c4e260873-1681925793128c5672-0","10b3e77d-3878-4876-8e62-56d624a06655","77d7b97c-c8dd-49f5-8c2f-f44e34bee7e0","a32b3da9-ba2e-40dc-bbfa-7e6ba9a5fb53"],"settings":{"title":"","heading_size":"h1","flexible_columns_layout":"grid","columns_desktop":4,"columns_tablet":"2","full_width":true,"auto_fit":false,"disable_item_space":true,"color_scheme":"background-1","image_ratio":"square","columns_mobile":"1","swipe_on_mobile":true,"padding_top":40,"padding_bottom":40}},"b6fc3696-5052-44a5-8e1e-f832f6d868be":{"type":"featured-collection","settings":{"title":"Section heading","subtitle":"Section subheading","collection":"","heading_size":"h1","products_to_show":3,"columns_desktop":3,"full_width":false,"show_view_all":true,"enable_desktop_slider":false,"color_scheme":"background-1","image_position_desktop":"right","image_height":"adapt_product_list","image_height_mobile":"34","image_ratio":"adapt","show_secondary_image":true,"show_vendor":true,"show_rating":true,"enable_quick_add":true,"enable_compare":true,"enable_quick_view":true,"show_color_swatches":true,"color_swatches_style":"custom","columns_tablet":"3","columns_mobile":"1","swipe_on_mobile":false,"padding_top":40,"padding_bottom":80}},"3f150f9f-e43d-4feb-85ee-4160e6f40f24":{"type":"text-icons","blocks":{"template--20124663021869__3f150f9f-e43d-4feb-85ee-4160e6f40f24-text-icon-1":{"type":"text-icon","settings":{"icon":"truck","title":"","subheading":"Your text","link":""}},"template--20124663021869__3f150f9f-e43d-4feb-85ee-4160e6f40f24-text-icon-2":{"type":"text-icon","settings":{"icon":"support","title":"","subheading":"Your text","link":""}},"template--20124663021869__3f150f9f-e43d-4feb-85ee-4160e6f40f24-text-icon-3":{"type":"text-icon","settings":{"icon":"shield_check","title":"","subheading":"Your text","link":""}}},"block_order":["template--20124663021869__3f150f9f-e43d-4feb-85ee-4160e6f40f24-text-icon-1","template--20124663021869__3f150f9f-e43d-4feb-85ee-4160e6f40f24-text-icon-2","template--20124663021869__3f150f9f-e43d-4feb-85ee-4160e6f40f24-text-icon-3"],"settings":{"title":"","subtitle":"","heading_size":"h1","icon_width_desktop":50,"text_position":"bottom","columns_desktop":3,"columns_tablet":3,"auto_fit":false,"column_alignment":"center","highlight_icon":true,"color_scheme":"background-1","border_width":1,"border_opacity":0,"border_spacing":70,"highlight_border":true,"border_shape":"circle","blur_background":true,"columns_mobile":"1","icon_width_mobile":30,"border_spacing_mobile":30,"swipe_on_mobile":false,"padding_top":40,"padding_bottom":40}},"6816d4fe-29d0-4a8d-802e-43061cbf5a80":{"type":"featured-blog","settings":{"title":"Section heading","heading_size":"h1","blog":"","post_limit":3,"image_height":"medium","columns_desktop":3,"color_scheme":"background-1","blog_card_text_alignment":"left","blog_card_color_scheme":"inverse","show_image":true,"show_date":true,"show_author":true,"padding_top":40,"padding_bottom":40}},"8f5a111c-95e5-4fe4-9470-893b0e7841d7":{"type":"collapsible-content","blocks":{"template--20124663021869__8f5a111c-95e5-4fe4-9470-893b0e7841d7-collapsible_row-1":{"type":"collapsible_row","settings":{"heading":"Item heading","icon":"truck","row_content":"<p>Item content<\/p>","page":""}},"template--20124663021869__8f5a111c-95e5-4fe4-9470-893b0e7841d7-collapsible_row-2":{"type":"collapsible_row","settings":{"heading":"Item heading","icon":"tag","row_content":"<p>Item content<\/p>","page":""}},"template--20124663021869__8f5a111c-95e5-4fe4-9470-893b0e7841d7-collapsible_row-3":{"type":"collapsible_row","settings":{"heading":"Item heading","icon":"receipt_refund","row_content":"<p>Item content<\/p>","page":""}},"template--20124663021869__8f5a111c-95e5-4fe4-9470-893b0e7841d7-collapsible_row-4":{"type":"collapsible_row","settings":{"heading":"Item heading","icon":"sale","row_content":"<p>Item content<\/p>","page":""}},"f720c224-680e-4598-aa51-f0d9c079f489":{"type":"collapsible_row","settings":{"heading":"Item heading","icon":"shield_exclamation","row_content":"<p>Item content<\/p>","page":""}},"4cfd744b-0b74-49a5-9769-1546d3204450":{"type":"collapsible_row","settings":{"heading":"Item heading","icon":"support","row_content":"<p>Item content<\/p>","page":""}},"2eea5e15-b56a-47c8-82c0-c2d5701c3ede":{"type":"collapsible_row","settings":{"heading":"Item heading","icon":"fast_forward","row_content":"<p>Item content<\/p>","page":""}},"ba6c83bd-c48c-41e2-8afc-c4173cbd13e0":{"type":"collapsible_row","settings":{"heading":"Item heading","icon":"appliances","row_content":"<p>Item content<\/p>","page":""}},"fba1d2c3-405d-49d9-a03e-67e586739972":{"type":"collapsible_row","settings":{"heading":"Item heading","icon":"emoji_happy","row_content":"<p>Item content<\/p>","page":""}},"210ff76b-2c6d-432b-b50f-0e868e35febe":{"type":"collapsible_row","settings":{"heading":"Item heading","icon":"gift","row_content":"<p>Item content<\/p>","page":""}}},"block_order":["template--20124663021869__8f5a111c-95e5-4fe4-9470-893b0e7841d7-collapsible_row-1","template--20124663021869__8f5a111c-95e5-4fe4-9470-893b0e7841d7-collapsible_row-2","template--20124663021869__8f5a111c-95e5-4fe4-9470-893b0e7841d7-collapsible_row-3","template--20124663021869__8f5a111c-95e5-4fe4-9470-893b0e7841d7-collapsible_row-4","f720c224-680e-4598-aa51-f0d9c079f489","4cfd744b-0b74-49a5-9769-1546d3204450","2eea5e15-b56a-47c8-82c0-c2d5701c3ede","ba6c83bd-c48c-41e2-8afc-c4173cbd13e0","fba1d2c3-405d-49d9-a03e-67e586739972","210ff76b-2c6d-432b-b50f-0e868e35febe"],"settings":{"section_width":"grid","title":"Section heading","subtitle":"","heading_size":"h1","color_scheme":"","open_first_collapsible_row":false,"hide_image_on_mobile":false,"image_ratio":"adapt","desktop_layout":"image_second","padding_top":36,"padding_bottom":36}}},"order":["518b8ced-997b-408e-84d5-64fe5082a6a1","1aded6ef-5727-4347-bf56-9fc610343e55","0d643863-a71b-4567-a11d-0b5594aa5fae","5b71ef94-4638-489f-ae0b-ff72c1082704","579dde05-0f38-4f94-be74-555c4e260873","b6fc3696-5052-44a5-8e1e-f832f6d868be","3f150f9f-e43d-4feb-85ee-4160e6f40f24","6816d4fe-29d0-4a8d-802e-43061cbf5a80","8f5a111c-95e5-4fe4-9470-893b0e7841d7"]}