{"sections":{"main":{"type":"main-page","settings":{"section_width":"grid","content_alignment":"left","color_scheme":"","padding_top":28,"padding_bottom":28}},"394933a3-c0dd-41e6-86d7-5c7a1cf8f6a1":{"type":"collapsible-content","blocks":{"template--19260354068781__394933a3-c0dd-41e6-86d7-5c7a1cf8f6a1-16852004379e954f2f-0":{"type":"collapsible_row","settings":{"heading":"Item heading","icon":"none","row_content":"<p>Item content<\/p>","page":""}},"template--19260354068781__394933a3-c0dd-41e6-86d7-5c7a1cf8f6a1-16852004379e954f2f-1":{"type":"collapsible_row","settings":{"heading":"Item heading","icon":"none","row_content":"<p>Item content<\/p>","page":""}},"template--19260354068781__394933a3-c0dd-41e6-86d7-5c7a1cf8f6a1-16852004379e954f2f-2":{"type":"collapsible_row","settings":{"heading":"Item heading","icon":"none","row_content":"<p>Item content<\/p>","page":""}},"template--19260354068781__394933a3-c0dd-41e6-86d7-5c7a1cf8f6a1-16852004379e954f2f-3":{"type":"collapsible_row","settings":{"heading":"Item heading","icon":"none","row_content":"<p>Item content<\/p>","page":""}},"fc14f404-14e6-4385-abce-97befddcbc15":{"type":"collapsible_row","settings":{"heading":"Item heading","icon":"none","row_content":"<p>Item content<\/p>","page":""}},"ba05d1f2-5171-45c9-8744-83c98696fbde":{"type":"collapsible_row","settings":{"heading":"Item heading","icon":"none","row_content":"<p>Item content<\/p>","page":""}},"e5ab997e-65e1-4c61-a822-c7e2462701f5":{"type":"collapsible_row","settings":{"heading":"Item heading","icon":"none","row_content":"<p>Item content<\/p>","page":""}},"3e58aed5-135f-4956-801c-158ebd0bb04d":{"type":"collapsible_row","settings":{"heading":"Item heading","icon":"none","row_content":"<p>Item content<\/p>","page":""}},"e3750448-5532-4733-9104-23f0b8b88d2a":{"type":"collapsible_row","settings":{"heading":"Item heading","icon":"none","row_content":"<p>Item content<\/p>","page":""}},"71404b50-a2fe-4958-9a5a-245af1c03d2b":{"type":"collapsible_row","settings":{"heading":"Item heading","icon":"none","row_content":"<p>Item content<\/p>","page":""}},"a5e5d28a-c656-4507-9bb4-3e8321294405":{"type":"collapsible_row","settings":{"heading":"Item heading","icon":"none","row_content":"<p>Item content<\/p>","page":""}},"6cff051f-f2fd-403c-a14d-912992fd60a4":{"type":"collapsible_row","settings":{"heading":"Item heading","icon":"none","row_content":"<p>Item content<\/p>","page":""}},"0abc7a24-3396-474f-8d66-b40b6316278d":{"type":"collapsible_row","settings":{"heading":"Item heading","icon":"none","row_content":"<p>Item content<\/p>","page":""}},"523a8a5d-f078-4afc-96ec-8a423da64c77":{"type":"collapsible_row","settings":{"heading":"Item heading","icon":"none","row_content":"<p>Item content<\/p>","page":""}}},"block_order":["template--19260354068781__394933a3-c0dd-41e6-86d7-5c7a1cf8f6a1-16852004379e954f2f-0","template--19260354068781__394933a3-c0dd-41e6-86d7-5c7a1cf8f6a1-16852004379e954f2f-1","template--19260354068781__394933a3-c0dd-41e6-86d7-5c7a1cf8f6a1-16852004379e954f2f-2","template--19260354068781__394933a3-c0dd-41e6-86d7-5c7a1cf8f6a1-16852004379e954f2f-3","fc14f404-14e6-4385-abce-97befddcbc15","ba05d1f2-5171-45c9-8744-83c98696fbde","e5ab997e-65e1-4c61-a822-c7e2462701f5","3e58aed5-135f-4956-801c-158ebd0bb04d","e3750448-5532-4733-9104-23f0b8b88d2a","71404b50-a2fe-4958-9a5a-245af1c03d2b","a5e5d28a-c656-4507-9bb4-3e8321294405","6cff051f-f2fd-403c-a14d-912992fd60a4","0abc7a24-3396-474f-8d66-b40b6316278d","523a8a5d-f078-4afc-96ec-8a423da64c77"],"settings":{"section_width":"grid","title":"","subtitle":"","heading_size":"h1","color_scheme":"","open_first_collapsible_row":false,"hide_image_on_mobile":false,"image_ratio":"adapt","desktop_layout":"image_second","padding_top":80,"padding_bottom":40}}},"order":["main","394933a3-c0dd-41e6-86d7-5c7a1cf8f6a1"]}