{"sections":{"main":{"type":"main-page","settings":{"section_width":"grid","content_alignment":"left","color_scheme":"","padding_top":40,"padding_bottom":40}},"f2736caf-f589-4e31-b174-a65d7ece43bc":{"type":"image-banner","blocks":{"template--19267002171693__f2736caf-f589-4e31-b174-a65d7ece43bc-168525056050516aff-0":{"type":"heading","settings":{"heading":"Heading"}},"template--19267002171693__f2736caf-f589-4e31-b174-a65d7ece43bc-168525056050516aff-1":{"type":"text","settings":{"text":"Description","text_style":"body"}}},"block_order":["template--19267002171693__f2736caf-f589-4e31-b174-a65d7ece43bc-168525056050516aff-0","template--19267002171693__f2736caf-f589-4e31-b174-a65d7ece43bc-168525056050516aff-1"],"settings":{"layout":"full_bleed","image_overlay_opacity":70,"image_height":"medium","image_height_mobile":"medium-mobile","desktop_content_position":"middle-left","desktop_content_alignment":"left","mobile_content_alignment":"left","show_text_below_image":true,"color_text":"#ffffff","color_button_text_1":"#000000","color_button_1":"#ffffff","color_button_text_2":"#000000","color_button_2":"#ffffff","colors_badge_foreground":"#fff","colors_badge_background":"#F87171","color_text_mobile":"#ffffff","color_button_text_1_mobile":"#000000","color_button_1_mobile":"#ffffff","color_button_text_2_mobile":"#000000","color_button_2_mobile":"#ffffff","colors_badge_foreground_mobile":"#fff","colors_badge_background_mobile":"#F87171","background_container_mobile":"#171717","gradient_background_container_mobile":"","padding_top":0,"padding_bottom":40}},"4be7147d-ac84-4d18-8a0a-e34076db2667":{"type":"image-banner","blocks":{"template--19267002171693__4be7147d-ac84-4d18-8a0a-e34076db2667-168525056050516aff-0":{"type":"heading","settings":{"heading":"Heading"}},"template--19267002171693__4be7147d-ac84-4d18-8a0a-e34076db2667-168525056050516aff-1":{"type":"text","settings":{"text":"Description","text_style":"body"}}},"block_order":["template--19267002171693__4be7147d-ac84-4d18-8a0a-e34076db2667-168525056050516aff-0","template--19267002171693__4be7147d-ac84-4d18-8a0a-e34076db2667-168525056050516aff-1"],"settings":{"layout":"grid","image_overlay_opacity":70,"image_height":"medium","image_height_mobile":"medium-mobile","desktop_content_position":"middle-right","desktop_content_alignment":"right","mobile_content_alignment":"left","show_text_below_image":true,"color_text":"#ffffff","color_button_text_1":"#000000","color_button_1":"#ffffff","color_button_text_2":"#000000","color_button_2":"#ffffff","colors_badge_foreground":"#fff","colors_badge_background":"#F87171","color_text_mobile":"#ffffff","color_button_text_1_mobile":"#000000","color_button_1_mobile":"#ffffff","color_button_text_2_mobile":"#000000","color_button_2_mobile":"#ffffff","colors_badge_foreground_mobile":"#fff","colors_badge_background_mobile":"#F87171","background_container_mobile":"#171717","gradient_background_container_mobile":"","padding_top":40,"padding_bottom":40}},"71343d97-7291-4a99-9541-7955e514e378":{"type":"image-with-text","blocks":{"template--19267002171693__71343d97-7291-4a99-9541-7955e514e378-168525057517e0ba79-0":{"type":"heading","settings":{"heading":"Heading","heading_size":"h1","enable_bold_heading":true}},"template--19267002171693__71343d97-7291-4a99-9541-7955e514e378-168525057517e0ba79-1":{"type":"text","settings":{"text":"<p>Content<\/p>","text_style":"body"}}},"block_order":["template--19267002171693__71343d97-7291-4a99-9541-7955e514e378-168525057517e0ba79-0","template--19267002171693__71343d97-7291-4a99-9541-7955e514e378-168525057517e0ba79-1"],"settings":{"grid_layout":"grid","height":"adapt","desktop_image_width":"medium","layout":"image_first","desktop_content_position":"middle","desktop_content_alignment":"left","content_layout":"overlap","mobile_content_alignment":"left","padding_top":40,"padding_bottom":40,"color_heading":"#ffffff","color_text":"#ffffff","color_highlight_text":"#da2127","color_caption":"#000000","color_countdown":"#000000","color_button_text":"#ffffff","color_button":"#000000","background_container":"rgba(0,0,0,0)","gradient_background_container":"linear-gradient(180deg, rgba(23, 23, 23, 1), rgba(221, 221, 221, 1) 100%)","background_section":"rgba(0,0,0,0)","gradient_background_section":"","overlay_color":"#1e40af"}},"ff765c78-937f-4e09-b331-4f4d0ee49a9a":{"type":"image-with-text","blocks":{"template--19267002171693__ff765c78-937f-4e09-b331-4f4d0ee49a9a-1685541011940a1fb4-0":{"type":"heading","settings":{"heading":"Heading","heading_size":"h1","enable_bold_heading":true}},"template--19267002171693__ff765c78-937f-4e09-b331-4f4d0ee49a9a-1685541011940a1fb4-1":{"type":"text","settings":{"text":"<p>Content<\/p>","text_style":"body"}}},"block_order":["template--19267002171693__ff765c78-937f-4e09-b331-4f4d0ee49a9a-1685541011940a1fb4-0","template--19267002171693__ff765c78-937f-4e09-b331-4f4d0ee49a9a-1685541011940a1fb4-1"],"settings":{"grid_layout":"grid","height":"adapt","desktop_image_width":"medium","layout":"text_first","desktop_content_position":"middle","desktop_content_alignment":"left","content_layout":"overlap","mobile_content_alignment":"left","padding_top":40,"padding_bottom":40,"color_heading":"#ffffff","color_text":"#ffffff","color_highlight_text":"#da2127","color_caption":"#000000","color_countdown":"#000000","color_button_text":"#ffffff","color_button":"#000000","background_container":"rgba(0,0,0,0)","gradient_background_container":"radial-gradient(rgba(23, 23, 23, 1), rgba(221, 221, 221, 1) 85.95%, rgba(215, 204, 250, 1) 100%, rgba(221, 221, 221, 1) 100%)","background_section":"#ffffff","gradient_background_section":"","overlay_color":"#1e40af"}},"fccc0dc8-b7d0-457f-a241-d01ab070f398":{"type":"banner-grid","blocks":{"template--19267002171693__fccc0dc8-b7d0-457f-a241-d01ab070f398-16868077699a8f506d-0":{"type":"promotion-banner","settings":{"image_overlay_opacity":50,"heading":"Heading","heading_size":"h1","text":"Text","text_style":"body","button_label":"","button_style":"primary","url":"","desktop_column":2,"desktop_row":1,"desktop_content_position":"middle-center","image_height_mobile":"medium-mobile","mobile_content_alignment":"center","color_text":"#ffffff","color_button_text":"#ffffff","color_button":"#2563eb"}},"template--19267002171693__fccc0dc8-b7d0-457f-a241-d01ab070f398-16868077699a8f506d-1":{"type":"promotion-banner","settings":{"image_overlay_opacity":50,"heading":"Heading","heading_size":"h1","text":"Text","text_style":"body","button_label":"","button_style":"primary","url":"","desktop_column":2,"desktop_row":2,"desktop_content_position":"middle-center","image_height_mobile":"medium-mobile","mobile_content_alignment":"center","color_text":"#ffffff","color_button_text":"#ffffff","color_button":"#2563eb"}},"template--19267002171693__fccc0dc8-b7d0-457f-a241-d01ab070f398-16868077699a8f506d-2":{"type":"promotion-banner","settings":{"image_overlay_opacity":50,"heading":"Heading","heading_size":"h1","text":"Text","text_style":"body","button_label":"","button_style":"primary","url":"","desktop_column":2,"desktop_row":1,"desktop_content_position":"middle-center","image_height_mobile":"medium-mobile","mobile_content_alignment":"center","color_text":"#ffffff","color_button_text":"#ffffff","color_button":"#2563eb"}}},"block_order":["template--19267002171693__fccc0dc8-b7d0-457f-a241-d01ab070f398-16868077699a8f506d-0","template--19267002171693__fccc0dc8-b7d0-457f-a241-d01ab070f398-16868077699a8f506d-1","template--19267002171693__fccc0dc8-b7d0-457f-a241-d01ab070f398-16868077699a8f506d-2"],"settings":{"layout":"grid","desktop_row_height":30,"desktop_gap":30,"mobile_gap":10,"media_border_thickness":1,"media_border_opacity":5,"media_radius":15,"enable_shadow":true,"padding_top":36,"padding_bottom":36}}},"order":["main","f2736caf-f589-4e31-b174-a65d7ece43bc","4be7147d-ac84-4d18-8a0a-e34076db2667","71343d97-7291-4a99-9541-7955e514e378","ff765c78-937f-4e09-b331-4f4d0ee49a9a","fccc0dc8-b7d0-457f-a241-d01ab070f398"]}