{"sections":{"882ae9d2-b3e9-4bb3-b7c2-a3083565f24f":{"type":"maps","blocks":{"template--18627972956461__882ae9d2-b3e9-4bb3-b7c2-a3083565f24f-16855376465a7fd714-0":{"type":"working_time","settings":{"title":"Business hour"}},"template--18627972956461__882ae9d2-b3e9-4bb3-b7c2-a3083565f24f-16855376465a7fd714-1":{"type":"working_time","settings":{"title":"Business hour"}},"template--18627972956461__882ae9d2-b3e9-4bb3-b7c2-a3083565f24f-16855376465a7fd714-2":{"type":"working_time","settings":{"title":"Business hour"}}},"block_order":["template--18627972956461__882ae9d2-b3e9-4bb3-b7c2-a3083565f24f-16855376465a7fd714-0","template--18627972956461__882ae9d2-b3e9-4bb3-b7c2-a3083565f24f-16855376465a7fd714-1","template--18627972956461__882ae9d2-b3e9-4bb3-b7c2-a3083565f24f-16855376465a7fd714-2"],"settings":{"title":"Heading","heading_size":"h1","color_scheme":"background-2","coordinates":"Coordinates of a place","map_height":450,"map_zoom":18,"map_type":"roadmap","button_label":"","button_style_secondary":false,"accessibility_info":"Google Maps","padding_top":0,"padding_bottom":0}},"form":{"type":"contact-form","blocks":{"c9e382bc-285f-41fc-a753-956539360c7f":{"type":"address","settings":{"name":"Name","phone":"Phone","direction":"Direction","email":"Email"}},"975dab66-b3c6-4126-bed9-24122e80689a":{"type":"address","settings":{"name":"Name","phone":"Phone","direction":"Direction","email":"Email"}},"d93a8f14-f408-4bf2-af1c-ad8dcc0c50c2":{"type":"opening_hour","settings":{"weekdays":"Weekdays","working_hour":"Working hour"}},"01bcc434-a620-4dac-92ab-dc4fc0b1c843":{"type":"opening_hour","settings":{"weekdays":"Weekdays","working_hour":"Working hour"}},"2eb8e845-4b25-4c5b-a594-c208438a031f":{"type":"opening_hour","settings":{"weekdays":"Weekdays","working_hour":"Working hour"}}},"block_order":["c9e382bc-285f-41fc-a753-956539360c7f","975dab66-b3c6-4126-bed9-24122e80689a","d93a8f14-f408-4bf2-af1c-ad8dcc0c50c2","01bcc434-a620-4dac-92ab-dc4fc0b1c843","2eb8e845-4b25-4c5b-a594-c208438a031f"],"settings":{"title":"Heading","subtitle":"Subheading","heading_size":"h0","color_scheme":"background-1","padding_top":0,"padding_bottom":40}},"3e50a7fa-ef6f-4125-90d4-609ab7b2f2b5":{"type":"spacer","settings":{"height":40}}},"order":["882ae9d2-b3e9-4bb3-b7c2-a3083565f24f","form","3e50a7fa-ef6f-4125-90d4-609ab7b2f2b5"]}