{"layout":"password","sections":{"main":{"type":"email-signup-banner","blocks":{"heading":{"type":"heading","settings":{"heading":"Opening soon","heading_size":"h1"}},"paragraph":{"type":"paragraph","settings":{"text":"<p>Be the first to know when we launch.<\/p>","text_style":"body"}},"email_form":{"type":"email_form","settings":{}}},"block_order":["heading","paragraph","email_form"],"settings":{"image_overlay_opacity":0,"image_height":"medium","desktop_content_position":"middle-center","desktop_content_alignment":"center","color_scheme":"background-1","mobile_content_alignment":"center"}}},"order":["main"]}