{"sections":{"main":{"type":"main-product","blocks":{"title":{"type":"title","settings":{"show_vendor_link":true}},"2525f94e-add4-418e-b362-bd2bb35545fa":{"type":"rating","settings":{}},"price":{"type":"price","settings":{}},"e592d434-8377-4309-b179-f98d4b3742a2":{"type":"sale_box","settings":{"show_free_shipping_bar":true,"enable_compare":true,"picker_type":"button","enable_color_swatches":true,"color_swatches_style":"custom","size_chart_enable":false,"size_chart_option":"size","size_chart_link_label":"Size chart","size_chart_page":"","quantity_selector_enable":true,"show_dynamic_checkout":true,"show_gift_card_recipient":true}},"share":{"type":"share","settings":{"share_label":"Share","enable_floating_layout":false,"share_on_facebook":true,"share_on_twitter":true,"share_on_pinterest":true,"share_on_email":true,"share_link":true}},"a1934adc-1886-4a20-bdd7-5f9778c59ebe":{"type":"information_group","settings":{"brand_enable":false,"brand_label":"Brand","stock_enable":true,"stock_label":"Availability","inventory_threshold":10,"show_inventory_quantity":true,"sku_enable":true,"sku_label":"SKU","tags_enable":true,"tags_label":"Tags","collections_enable":true,"collections_label":"Collections"}},"5f0a8bbb-065e-48f8-bd53-5715da3b80b7":{"type":"complementary","settings":{"block_heading":"Complementary products","make_collapsible_row":true,"icon":"appliances","product_list_limit":3,"total_enable":true,"total_label":"Total:","button_enable":true,"button_label":"Add items to cart","image_ratio":"square"}}},"block_order":["title","2525f94e-add4-418e-b362-bd2bb35545fa","price","e592d434-8377-4309-b179-f98d4b3742a2","share","a1934adc-1886-4a20-bdd7-5f9778c59ebe","5f0a8bbb-065e-48f8-bd53-5715da3b80b7"],"settings":{"section_width":"page-width","use_background_input":true,"enable_sticky_info":true,"enable_sticky_cart":true,"show_next_prev_products":true,"enable_shopify_reviews_app_css":true,"media_position":"left","gallery_layout":"thumbnail_slider","thumbnail_position":"left","media_size":"small","image_ratio":"adapt","image_fit":true,"mobile_thumbnails":"hide","hide_variants":true,"enable_video_looping":false,"padding_top":0,"padding_bottom":40}},"52bf00c5-c1a5-4bcd-9b87-204e690ab1d5":{"type":"main-product-tabs","blocks":{"1638dd10-8e33-4e82-b01c-2eb71d6362ba":{"type":"description","settings":{"title":"Product description"}},"8274ef04-23c0-4245-a55b-07501c2bd206":{"type":"page_content","settings":{"title":"Page content tab","page":""}},"cbb96b5f-f683-42e5-b865-6ac18e11645e":{"type":"page_content","settings":{"title":"Page content tab","page":""}}},"block_order":["1638dd10-8e33-4e82-b01c-2eb71d6362ba","8274ef04-23c0-4245-a55b-07501c2bd206","cbb96b5f-f683-42e5-b865-6ac18e11645e"],"settings":{"grid_layout":"grid","color_scheme":"background-1","padding_top":40,"padding_bottom":40}},"b861113b-71fc-41c9-bf1f-80084a7d6f04":{"type":"image-with-text","blocks":{"1c8c05ca-c7d8-4489-a553-62bdaf63a430":{"type":"caption","settings":{"caption":"Caption","text_style":"image-with-text__badge","text_size":"small"}},"template--20218412368173__b861113b-71fc-41c9-bf1f-80084a7d6f04-heading-1":{"type":"heading","settings":{"heading":"Your heading text","heading_size":"h1","enable_bold_heading":true}},"template--20218412368173__b861113b-71fc-41c9-bf1f-80084a7d6f04-text-1":{"type":"text","settings":{"text":"<p>Your description text<\/p>","text_style":"body"}},"template--20218412368173__b861113b-71fc-41c9-bf1f-80084a7d6f04-button-1":{"type":"button","settings":{"button_label":"Button label","button_link":"","button_style":"solid"}}},"block_order":["1c8c05ca-c7d8-4489-a553-62bdaf63a430","template--20218412368173__b861113b-71fc-41c9-bf1f-80084a7d6f04-heading-1","template--20218412368173__b861113b-71fc-41c9-bf1f-80084a7d6f04-text-1","template--20218412368173__b861113b-71fc-41c9-bf1f-80084a7d6f04-button-1"],"settings":{"grid_layout":"grid","height":"adapt","desktop_image_width":"medium","layout":"image_first","desktop_content_position":"middle","desktop_content_alignment":"left","content_layout":"no-overlap","hide_when_empty_image":false,"preload":false,"mobile_content_alignment":"left","padding_top":40,"padding_bottom":40,"color_heading":"#000000","gradient_heading":"","color_text":"#000000","color_highlight_text":"#da2127","color_caption":"#000000","color_countdown":"#000000","color_button_text":"#ffffff","color_button":"#000000","background_container":"#ffffff","gradient_background_container":"","background_section":"#ffffff","gradient_background_section":"","overlay_color":"#1e40af"}},"9fea5ba7-31d4-4140-849f-3a727ceb4e8f":{"type":"video","settings":{"title":"","subtitle":"","heading_size":"h1","video_url":"","description":"","autoplay":true,"enable_controls":false,"enable_video_looping":true,"full_width":false,"color_scheme":"","padding_top":40,"padding_bottom":40}},"6524c6b3-5b0c-4c1f-bffa-e9ea1819e293":{"type":"image-with-text","blocks":{"27d89652-d5d6-456a-b13d-3e67d35c2b7d":{"type":"caption","settings":{"caption":"Caption","text_style":"image-with-text__badge","text_size":"small"}},"template--20218412368173__6524c6b3-5b0c-4c1f-bffa-e9ea1819e293-heading-1":{"type":"heading","settings":{"heading":"Your heading text","heading_size":"h1","enable_bold_heading":true}},"template--20218412368173__6524c6b3-5b0c-4c1f-bffa-e9ea1819e293-text-1":{"type":"text","settings":{"text":"<p>Your description text<\/p>","text_style":"body"}},"template--20218412368173__6524c6b3-5b0c-4c1f-bffa-e9ea1819e293-button-1":{"type":"button","settings":{"button_label":"Button label","button_link":"","button_style":"solid"}}},"block_order":["27d89652-d5d6-456a-b13d-3e67d35c2b7d","template--20218412368173__6524c6b3-5b0c-4c1f-bffa-e9ea1819e293-heading-1","template--20218412368173__6524c6b3-5b0c-4c1f-bffa-e9ea1819e293-text-1","template--20218412368173__6524c6b3-5b0c-4c1f-bffa-e9ea1819e293-button-1"],"settings":{"grid_layout":"grid","height":"adapt","desktop_image_width":"medium","layout":"text_first","desktop_content_position":"middle","desktop_content_alignment":"left","content_layout":"no-overlap","hide_when_empty_image":false,"preload":false,"mobile_content_alignment":"left","padding_top":40,"padding_bottom":40,"color_heading":"#000000","gradient_heading":"","color_text":"#000000","color_highlight_text":"#da2127","color_caption":"#000000","color_countdown":"#000000","color_button_text":"#ffffff","color_button":"#000000","background_container":"#ffffff","gradient_background_container":"","background_section":"#ffffff","gradient_background_section":"","overlay_color":"#1e40af"}},"8124c74c-24a1-4cc3-9369-91db0fab3a14":{"type":"spacer","settings":{"height":40}},"6099b098-2d24-4b53-9488-988cbaa630f3":{"type":"main-product-attributes","blocks":{"template--20050134237485__6099b098-2d24-4b53-9488-988cbaa630f3-16896858800c7f6815-0":{"type":"product_brand","settings":{"title":"Brand"}},"template--20050134237485__6099b098-2d24-4b53-9488-988cbaa630f3-16896858800c7f6815-1":{"type":"product_type","settings":{"title":"Type"}},"c2731e6a-27ad-4c71-b114-f2c62da34e42":{"type":"specifications","settings":{"title":"Label","metafields":"namespace.metafield_key,namespace.metafield_key,namespace.metafield_key,namespace.metafield_key,namespace.metafield_key,namespace.metafield_key"}},"517e3875-04c8-4ad9-a3de-d00c3d5a9451":{"type":"specifications","settings":{"title":"Label","metafields":"custom.metafield_key,custom.metafield_key,custom.metafield_key,custom.metafield_key,custom.metafield_key,custom.metafield_key"}}},"block_order":["template--20050134237485__6099b098-2d24-4b53-9488-988cbaa630f3-16896858800c7f6815-0","template--20050134237485__6099b098-2d24-4b53-9488-988cbaa630f3-16896858800c7f6815-1","c2731e6a-27ad-4c71-b114-f2c62da34e42","517e3875-04c8-4ad9-a3de-d00c3d5a9451"],"settings":{"show_description":false,"title":"Heading","subtitle":"Subheading","heading_size":"h2","color_scheme":"background-2","table_color_scheme":"","padding_top":80,"padding_bottom":80}},"96482c8e-18e4-432f-a2aa-323d63bd401b":{"type":"banner-grid","blocks":{"template--20218412368173__96482c8e-18e4-432f-a2aa-323d63bd401b-promotion-banner-1":{"type":"promotion-banner","settings":{"image_overlay_opacity":0,"heading":"Image banner heading","heading_size":"h2","text":"Your description text","text_style":"body","button_label":"","button_style":"primary","badge":"","badge_style":"box","url":"","desktop_column":2,"desktop_row":1,"desktop_content_position":"middle-right","desktop_narrow_content":true,"elements_gap_desktop":"1.5","image_height_mobile":"medium-mobile","mobile_content_alignment":"center","elements_gap_mobile":"1.5","color_text":"#ffffff","color_gradient_heading":"","color_button_text":"#ffffff","color_button":"#2563eb","color_badge":"#ffffff"}},"3f1acf20-d388-4a90-a65a-d73344bb9325":{"type":"video-background","settings":{"heading":"Video background heading","heading_size":"h2","text":"Give customers details about the banner image(s) or content on the template.","text_style":"body","button_label":"","button_style":"primary","badge":"","badge_style":"box","url":"","desktop_column":2,"desktop_row":2,"desktop_content_position":"bottom-left","desktop_narrow_content":false,"elements_gap_desktop":"1.5","image_height_mobile":"medium-mobile","mobile_content_alignment":"center","elements_gap_mobile":"1.5","color_text":"#fff","color_gradient_heading":"","color_button_text":"#fff","color_button":"#2563EB","color_badge":"#fff"}},"f021690c-4bfa-4e48-99c0-64dfa7047013":{"type":"promotion-banner","settings":{"image_overlay_opacity":30,"heading":"Image banner heading","heading_size":"h2","text":"","text_style":"caption-with-letter-spacing","button_label":"","button_style":"link","badge":"Badge label","badge_style":"underlined","url":"","desktop_column":2,"desktop_row":2,"desktop_content_position":"top-left","desktop_narrow_content":true,"elements_gap_desktop":"1.5","image_height_mobile":"medium-mobile","mobile_content_alignment":"left","elements_gap_mobile":"1.5","color_text":"#ffffff","color_gradient_heading":"","color_button_text":"#ffffff","color_button":"#2563eb","color_badge":"#f03840"}},"template--20218412368173__96482c8e-18e4-432f-a2aa-323d63bd401b-promotion-banner-3":{"type":"promotion-banner","settings":{"image_overlay_opacity":50,"heading":"Image banner heading","heading_size":"h2","text":"Your description text","text_style":"body","button_label":"","button_style":"primary","badge":"","badge_style":"box","url":"","desktop_column":2,"desktop_row":2,"desktop_content_position":"middle-center","desktop_narrow_content":false,"elements_gap_desktop":"1.5","image_height_mobile":"medium-mobile","mobile_content_alignment":"center","elements_gap_mobile":"4","color_text":"#ffffff","color_gradient_heading":"","color_button_text":"#ffffff","color_button":"#2563eb","color_badge":"#ffffff"}},"15b33dd5-ee65-4ea7-8245-87f31a0e1ca9":{"type":"promotion-banner","settings":{"image_overlay_opacity":0,"heading":"Image banner heading","heading_size":"h1","text":"Your description text","text_style":"subtitle","button_label":"","button_style":"primary","badge":"","badge_style":"box","url":"","desktop_column":2,"desktop_row":1,"desktop_content_position":"middle-center","desktop_narrow_content":false,"elements_gap_desktop":"1.5","image_height_mobile":"medium-mobile","mobile_content_alignment":"center","elements_gap_mobile":"1.5","color_text":"#ffffff","color_gradient_heading":"linear-gradient(270deg, rgba(241, 130, 49, 1), rgba(253, 212, 32, 1) 51.04%, rgba(143, 202, 72, 1) 100%)","color_button_text":"#ffffff","color_button":"#2563eb","color_badge":"#ffffff"}}},"block_order":["template--20218412368173__96482c8e-18e4-432f-a2aa-323d63bd401b-promotion-banner-1","3f1acf20-d388-4a90-a65a-d73344bb9325","f021690c-4bfa-4e48-99c0-64dfa7047013","template--20218412368173__96482c8e-18e4-432f-a2aa-323d63bd401b-promotion-banner-3","15b33dd5-ee65-4ea7-8245-87f31a0e1ca9"],"settings":{"layout":"grid","desktop_row_height":30,"desktop_gap":30,"mobile_gap":10,"media_border_thickness":1,"media_border_opacity":5,"media_radius":10,"enable_shadow":true,"padding_top":80,"padding_bottom":100}},"6925b9d2-abbc-4e33-ad59-0e7408e9fa5c":{"type":"text-icons","blocks":{"template--20124663152941__6925b9d2-abbc-4e33-ad59-0e7408e9fa5c-text-icon-1":{"type":"text-icon","settings":{"icon":"check","title":"Item heading","subheading":"","link":"","open_link_in_new_tab":false}},"template--20124663152941__6925b9d2-abbc-4e33-ad59-0e7408e9fa5c-text-icon-2":{"type":"text-icon","settings":{"icon":"check","title":"Item heading","subheading":"","link":"","open_link_in_new_tab":false}},"template--20124663152941__6925b9d2-abbc-4e33-ad59-0e7408e9fa5c-text-icon-3":{"type":"text-icon","settings":{"icon":"check","title":"Item heading","subheading":"","link":"","open_link_in_new_tab":false}},"30dc71fe-cc0b-42b9-a7bd-6aa2cf6b75f2":{"type":"text-icon","settings":{"icon":"check","title":"Item heading","subheading":"","link":"","open_link_in_new_tab":false}},"78c4d097-d1bf-491a-bea4-33ee68120df8":{"type":"text-icon","settings":{"icon":"check","title":"Item heading","subheading":"","link":"","open_link_in_new_tab":false}}},"block_order":["template--20124663152941__6925b9d2-abbc-4e33-ad59-0e7408e9fa5c-text-icon-1","template--20124663152941__6925b9d2-abbc-4e33-ad59-0e7408e9fa5c-text-icon-2","template--20124663152941__6925b9d2-abbc-4e33-ad59-0e7408e9fa5c-text-icon-3","30dc71fe-cc0b-42b9-a7bd-6aa2cf6b75f2","78c4d097-d1bf-491a-bea4-33ee68120df8"],"settings":{"title":"Heading","subtitle":"Subheading","heading_size":"h0","icon_width_desktop":50,"text_position":"bottom","enable_heading_in_box":true,"columns_desktop":5,"columns_tablet":4,"auto_fit":false,"column_alignment":"center","highlight_icon":false,"color_scheme":"background-2","border_width":1,"border_opacity":0,"border_spacing":0,"highlight_border":false,"border_shape":"square","blur_background":false,"columns_mobile":"2","icon_width_mobile":50,"border_spacing_mobile":0,"swipe_on_mobile":true,"padding_top":80,"padding_bottom":80}},"0fcf424c-972e-4afd-b20d-49aaed072495":{"type":"spacer","disabled":true,"settings":{"height":80}},"168088586605a49d77":{"type":"apps","settings":{"include_margins":true}},"product-recommendations":{"type":"product-recommendations","settings":{"title":"Section heading","subtitle":"","heading_size":"h2","products_to_show":10,"columns_desktop":4,"full_width":false,"enable_desktop_slider":true,"color_scheme":"background-1","image_ratio":"square","show_secondary_image":true,"show_vendor":true,"show_rating":true,"enable_quick_add":true,"enable_compare":true,"enable_quick_view":true,"show_color_swatches":true,"color_swatches_style":"custom","columns_tablet":"3","columns_mobile":"1","swipe_on_mobile":true,"padding_top":72,"padding_bottom":40}},"42ea5b86-e5b3-44b9-8a28-410eec1590ed":{"type":"recently-viewed-products","settings":{"title":"Recently viewed","subtitle":"","heading_size":"h2","full_width":false,"color_scheme":"","padding_top":40,"padding_bottom":52}}},"order":["main","52bf00c5-c1a5-4bcd-9b87-204e690ab1d5","b861113b-71fc-41c9-bf1f-80084a7d6f04","9fea5ba7-31d4-4140-849f-3a727ceb4e8f","6524c6b3-5b0c-4c1f-bffa-e9ea1819e293","8124c74c-24a1-4cc3-9369-91db0fab3a14","6099b098-2d24-4b53-9488-988cbaa630f3","96482c8e-18e4-432f-a2aa-323d63bd401b","6925b9d2-abbc-4e33-ad59-0e7408e9fa5c","0fcf424c-972e-4afd-b20d-49aaed072495","168088586605a49d77","product-recommendations","42ea5b86-e5b3-44b9-8a28-410eec1590ed"]}