{"type":"header","name":"Header Group","sections":{"header":{"type":"header","blocks":{"285909a8-8f88-4414-a5f1-1d926079936b":{"type":"mega_menu_product_type","settings":{"trigger":"","title":"Megamenu - Product type column","position":"first","item_label":"Column heading","image_ratio":"circle","type_1":"Product type name","type_link_1":"","type_2":"Product type name","type_link_2":"","type_3":"Product type name","type_link_3":"","type_4":"Product type name","type_link_4":"","type_5":"","type_link_5":"","type_6":"","type_link_6":"","type_7":"","type_link_7":"","type_8":"","type_link_8":"","type_9":"","type_link_9":"","type_10":"","type_link_10":""}},"ed4cddab-febc-4198-92ee-40d8b70c47f9":{"type":"mega_menu_promotion","settings":{"trigger":"","title":"Megamenu - Promotion column","image_ratio":"adapt","caption":"","heading_text":"Heading","subheading":"Subheading","button_label":"Button","button_style":"solid","text_align":"center","text_position":"2","link":"","position":"last","overlay_text_enable":true,"overlay_opacity":29,"color_scheme":""}},"7b2bd184-cb1b-47bf-8695-3f2bc023c78d":{"type":"store_information","settings":{"icon":"map","title":"Store information block","link":""}},"e4604373-561e-4dd2-b5dd-ec3431202f97":{"type":"menu_label","settings":{"title":"Menu label","icon":"sale","link":""}},"3753f6b7-733c-49d7-881c-f8fe4195e49f":{"type":"menu_label","settings":{"title":"Menu label","icon":"delivery","link":""}},"5252ef1e-142a-4211-a789-f6ff8a260759":{"type":"customer_supported_region","settings":{"title":"Region name","hotline":"Region hotline","address":"Region physical address","email":"Region email"}},"4181066a-3c20-4052-bc03-87717a51b295":{"type":"customer_supported_region","settings":{"title":"Region name","hotline":"Region hotline","address":"Region physical address","email":"Region email"}},"669b20fb-990d-4033-b56e-1c7ad1c00774":{"type":"customer_supported_region","settings":{"title":"Region name","hotline":"Region hotline","address":"Region physical address","email":"Region email"}}},"block_order":["285909a8-8f88-4414-a5f1-1d926079936b","ed4cddab-febc-4198-92ee-40d8b70c47f9","7b2bd184-cb1b-47bf-8695-3f2bc023c78d","e4604373-561e-4dd2-b5dd-ec3431202f97","3753f6b7-733c-49d7-881c-f8fe4195e49f","5252ef1e-142a-4211-a789-f6ff8a260759","4181066a-3c20-4052-bc03-87717a51b295","669b20fb-990d-4033-b56e-1c7ad1c00774"],"settings":{"color_scheme":"background-1","top_color_scheme":"inverse","logo_width":90,"logo_position":"top-left","menu":"menu-collections","show_go_to_link":true,"show_line_separator":true,"enable_sticky_header":true,"enable_social_links":true,"mobile_logo_position":"center","enable_country_selector":true,"enable_language_selector":true,"customer_support_region_caption":"Caption","customer_support_region_global_hotline":"Your hotline"}}},"order":["header"]}