{"current":{"color_scheme_body":"background-1","auto_generate_font_weight":true,"type_header_font":"inter_n4","heading_scale":100,"type_body_font":"inter_n4","body_scale":100,"page_width":1440,"spacing_sections":0,"spacing_grid_horizontal":28,"spacing_grid_vertical":28,"page_heading_overlay_color":"#212c4d","page_heading_collection_image_height":"15","page_heading_blog_image_height":"15","page_heading_other_image_height":"15","enable_breadcrumns":true,"color_swatches_shape":"circle","card_text_alignment":"left","collection_card_color_scheme":"inverse","sale_badge_label":"amount","sale_badge_text_color":"#dc2626","sale_badge_background":"#fef2f2","sold_out_badge_text_color":"#ea5c5c","sold_out_badge_background":"#fff","custom_badge_metafield_1":"badges.new","custom_badge_text_color_1":"#16a34a","custom_badge_background_1":"#f0fdf4","predictive_search_enabled":true,"favicon":"shopify:\/\/shop_images\/favicon.png","currency_code_enabled":false,"back_to_top_button_enable":true,"recently_viewed_enable":true,"recently_viewed_image_ratio":"adapt","recently_viewed_show_secondary_image":true,"recently_viewed_show_rating":true,"recently_viewed_enable_quick_add":true,"recently_viewed_enable_quick_view":true,"recently_viewed_columns_mobile":"1","sections":{"main-password-header":{"type":"main-password-header","settings":{"logo_max_width":100,"color_scheme":"background-1"}},"main-password-footer":{"type":"main-password-footer","settings":{"color_scheme":"background-1"}},"cart-drawer":{"type":"cart-drawer","blocks":{"5680e29a-1672-451b-acab-6b4f2c068892":{"type":"subtotal","settings":{}},"74e95a49-790a-40ea-af84-0a487b25dd72":{"type":"buttons","settings":{"show_view_cart_button":true}}},"block_order":["5680e29a-1672-451b-acab-6b4f2c068892","74e95a49-790a-40ea-af84-0a487b25dd72"],"settings":{"drawer_size":"small","image_ratio":"square","show_vendor":true,"show_cart_note":true,"show_shipping_calculator":true,"show_free_shipping_bar":true,"recommended_collection_list":[],"product_recommendations_enable":true,"product_recommendations_heading":"Recommendations","product_recommendations_limit":5,"product_recommendations_image_ratio":"square"}},"background-color-swatches":{"type":"background-color-swatches","blocks":{"37add10b-2b12-4d4a-bc31-fdad80d4dea3":{"type":"color_item","settings":{"title":"Black","colors_background":"#121212","gradient_background":"","color_checkmark_icon":"#ffffff"}},"50bcd77f-9ea6-4042-9daa-8c456da1f0a3":{"type":"color_item","settings":{"title":"Blue","colors_background":"#0662bc","gradient_background":"","color_checkmark_icon":"#ffffff"}},"7f567e67-5e5a-4a9d-b127-1c58bb3dfe47":{"type":"color_item","settings":{"title":"Red","colors_background":"#e60101","gradient_background":"","color_checkmark_icon":"#ffffff"}},"e7e7040a-a982-4854-880f-75d33f28aafa":{"type":"color_item","settings":{"title":"Yellow","colors_background":"#ffff00","gradient_background":"","color_checkmark_icon":""}},"2e3dfe95-1268-421e-a6ff-8b4c95793bc1":{"type":"color_item","settings":{"title":"Albine green","colors_background":"#00a0c3","gradient_background":"","color_checkmark_icon":"#ffffff"}},"2433115b-1807-4b80-94d2-143d86257730":{"type":"color_item","settings":{"title":"Bamboo","colors_background":"#de9e35","gradient_background":"","color_checkmark_icon":"#ffffff"}},"f61ddc02-b530-4b19-8aa7-a23ce07be2d7":{"type":"color_item","settings":{"title":"Black unity","colors_background":"#019750","gradient_background":"linear-gradient(133deg, rgba(0, 0, 0, 1) 11%, rgba(1, 151, 80, 1) 49%, rgba(255, 0, 0, 1) 87%)","color_checkmark_icon":"#ffffff"}},"4b43d9fc-102a-4dac-b6db-998260cb43b3":{"type":"color_item","settings":{"title":"Blue saphire","colors_background":"#addde7","gradient_background":"","color_checkmark_icon":"#ffffff"}},"b1650458-56a9-444f-beba-30e2db441353":{"type":"color_item","settings":{"title":"Bright orange","colors_background":"#fea171","gradient_background":"","color_checkmark_icon":"#ffffff"}},"041a2197-55bf-490c-bea7-21b183d4bcc2":{"type":"color_item","settings":{"title":"Brown","colors_background":"#a52a2a","gradient_background":"","color_checkmark_icon":"#ffffff"}},"2828f09a-9053-4bd0-bea1-c445b250c043":{"type":"color_item","settings":{"title":"deep purple","colors_background":"#682064","gradient_background":"","color_checkmark_icon":"#ffffff"}},"cfd808e5-5c8b-41fe-b755-80e14035e33b":{"type":"color_item","settings":{"title":"everose gold","colors_background":"#f2d6cb","gradient_background":"","color_checkmark_icon":""}},"b6ab5ad5-5892-49ef-8968-8a982f4139fd":{"type":"color_item","settings":{"title":"gold","colors_background":"#f1d5ca","gradient_background":"","color_checkmark_icon":""}},"dd4cafbf-26e4-4953-b520-261bc88a766f":{"type":"color_item","settings":{"title":"graphite","colors_background":"#7a7973","gradient_background":"","color_checkmark_icon":"#ffffff"}},"8737f5ac-d432-49ef-acc8-ef46c11b211e":{"type":"color_item","settings":{"title":"gray","colors_background":"#808080","gradient_background":"","color_checkmark_icon":"#ffffff"}},"35ed0074-0d37-4ee6-af24-dd69b914887b":{"type":"color_item","settings":{"title":"green","colors_background":"#008000","gradient_background":"","color_checkmark_icon":"#ffffff"}},"9455c43c-030d-4e4c-9fd6-311d79e91ac6":{"type":"color_item","settings":{"title":"gym red","colors_background":"#ff0000","gradient_background":"","color_checkmark_icon":"#ffffff"}},"59a05540-d728-421f-8feb-338c7f0f73db":{"type":"color_item","settings":{"title":"midnight","colors_background":"#282424","gradient_background":"","color_checkmark_icon":"#ffffff"}},"88ca9197-27c7-4d1f-bd89-bd9154c0a454":{"type":"color_item","settings":{"title":"navy","colors_background":"#000080","gradient_background":"","color_checkmark_icon":"#ffffff"}},"c9879c16-1295-4f64-8b8b-30e5624ded04":{"type":"color_item","settings":{"title":"olive","colors_background":"#808000","gradient_background":"","color_checkmark_icon":"#ffffff"}},"99e291a7-0c98-4873-8cea-5d4ed608345b":{"type":"color_item","settings":{"title":"olive grayblack","colors_background":"#808000","gradient_background":"linear-gradient(57deg, rgba(128, 128, 0, 1) 8%, rgba(128, 128, 128, 1) 47%, rgba(0, 0, 0, 1) 83%)","color_checkmark_icon":"#ffffff"}},"e24b550f-c87a-4a42-afd1-cfb4b90150a0":{"type":"color_item","settings":{"title":"orange","colors_background":"#ffa500","gradient_background":"","color_checkmark_icon":"#ffffff"}},"178593a2-25e4-4949-9c30-c5c50a3f8151":{"type":"color_item","settings":{"title":"Oystersteel","colors_background":"#494949","gradient_background":"linear-gradient(133deg, rgba(73, 73, 73, 1) 11%, rgba(240, 240, 240, 1) 49%, rgba(240, 240, 240, 1) 87%)","color_checkmark_icon":"#000000"}},"67b607ba-6ebb-42d6-af47-e4a9405f556d":{"type":"color_item","settings":{"title":"pink","colors_background":"#ffc0cb","gradient_background":"","color_checkmark_icon":""}},"4d8bb04c-a47b-4229-953c-c314722730f9":{"type":"color_item","settings":{"title":"platinum","colors_background":"#aca9aa","gradient_background":"","color_checkmark_icon":""}},"2537de0b-c7f4-444a-90d2-f4b513a1956f":{"type":"color_item","settings":{"title":"Pride Edition","colors_background":"#85d7b7","gradient_background":"linear-gradient(57deg, rgba(133, 215, 183, 1) 8%, rgba(253, 215, 97, 1) 23.72%, rgba(110, 72, 58, 1) 34.151%, rgba(113, 67, 137, 1) 47%, rgba(236, 101, 84, 1) 58.972%, rgba(129, 85, 66, 1) 70.123%, rgba(231, 228, 211, 1) 83%, rgba(207, 229, 239, 1) 94.223%)","color_checkmark_icon":"#ffffff"}},"400f435c-a764-4bb0-b0a3-05ec3ac5562f":{"type":"color_item","settings":{"title":"Purple","colors_background":"#800080","gradient_background":"","color_checkmark_icon":"#ffffff"}},"0a006d08-65c7-4273-8f44-65e01f2d3a15":{"type":"color_item","settings":{"title":"Purple Fog","colors_background":"#bdb4c7","gradient_background":"","color_checkmark_icon":""}},"ac464d05-fad5-4a88-aadf-af80eaa2380f":{"type":"color_item","settings":{"title":"Rose","colors_background":"#e5bac9","gradient_background":"","color_checkmark_icon":""}},"615535f8-f20d-40a5-8812-d81b1ff95432":{"type":"color_item","settings":{"title":"Sierrablue","colors_background":"#638eac","gradient_background":"","color_checkmark_icon":"#ffffff"}},"382835b3-b2e8-4a9f-a71d-1948dea214cf":{"type":"color_item","settings":{"title":"Silver","colors_background":"#c0c0c0","gradient_background":"","color_checkmark_icon":""}},"c2c41237-62a5-4ba0-ad55-9f17c2758222":{"type":"color_item","settings":{"title":"Sky","colors_background":"#c1d3e4","gradient_background":"","color_checkmark_icon":""}},"f5d774fc-3e9a-419b-8459-d4f6267a1b0d":{"type":"color_item","settings":{"title":"Space Gray","colors_background":"#808080","gradient_background":"","color_checkmark_icon":"#ffffff"}},"17e4ce99-88cf-49db-9f74-0ecd58e91a5a":{"type":"color_item","settings":{"title":"Starlight","colors_background":"#dcd2ca","gradient_background":"","color_checkmark_icon":""}},"ec3c8518-4ff9-4233-aa4b-3df76defcbb3":{"type":"color_item","settings":{"title":"White","colors_background":"#ffffff","gradient_background":"","color_checkmark_icon":""}},"8cd83ee0-1ea1-40fc-af0c-50d4e62c3e58":{"type":"color_item","settings":{"title":"White Gold","colors_background":"#dbd1c9","gradient_background":"linear-gradient(180deg, rgba(255, 255, 255, 1), rgba(255, 215, 0, 1) 100%)","color_checkmark_icon":"#121212"}},"a1b786f5-359b-4a68-b141-00e8a969b62b":{"type":"color_item","settings":{"title":"Whiteblack","colors_background":"#0f172a","gradient_background":"linear-gradient(0deg, rgba(255, 255, 255, 1), rgba(15, 23, 42, 1) 97%, rgba(215, 204, 250, 1) 100%)","color_checkmark_icon":"#ffffff"}},"2ef2c799-8499-4634-b227-96c14543b77d":{"type":"color_item","settings":{"title":"Yellow Gold","colors_background":"#ffff00","gradient_background":"linear-gradient(46deg, rgba(255, 255, 0, 1) 13%, rgba(255, 215, 0, 1) 86%)","color_checkmark_icon":""}}},"block_order":["37add10b-2b12-4d4a-bc31-fdad80d4dea3","50bcd77f-9ea6-4042-9daa-8c456da1f0a3","7f567e67-5e5a-4a9d-b127-1c58bb3dfe47","e7e7040a-a982-4854-880f-75d33f28aafa","2e3dfe95-1268-421e-a6ff-8b4c95793bc1","2433115b-1807-4b80-94d2-143d86257730","f61ddc02-b530-4b19-8aa7-a23ce07be2d7","4b43d9fc-102a-4dac-b6db-998260cb43b3","b1650458-56a9-444f-beba-30e2db441353","041a2197-55bf-490c-bea7-21b183d4bcc2","2828f09a-9053-4bd0-bea1-c445b250c043","cfd808e5-5c8b-41fe-b755-80e14035e33b","b6ab5ad5-5892-49ef-8968-8a982f4139fd","dd4cafbf-26e4-4953-b520-261bc88a766f","8737f5ac-d432-49ef-acc8-ef46c11b211e","35ed0074-0d37-4ee6-af24-dd69b914887b","9455c43c-030d-4e4c-9fd6-311d79e91ac6","59a05540-d728-421f-8feb-338c7f0f73db","88ca9197-27c7-4d1f-bd89-bd9154c0a454","c9879c16-1295-4f64-8b8b-30e5624ded04","99e291a7-0c98-4873-8cea-5d4ed608345b","e24b550f-c87a-4a42-afd1-cfb4b90150a0","178593a2-25e4-4949-9c30-c5c50a3f8151","67b607ba-6ebb-42d6-af47-e4a9405f556d","4d8bb04c-a47b-4229-953c-c314722730f9","2537de0b-c7f4-444a-90d2-f4b513a1956f","400f435c-a764-4bb0-b0a3-05ec3ac5562f","0a006d08-65c7-4273-8f44-65e01f2d3a15","ac464d05-fad5-4a88-aadf-af80eaa2380f","615535f8-f20d-40a5-8812-d81b1ff95432","382835b3-b2e8-4a9f-a71d-1948dea214cf","c2c41237-62a5-4ba0-ad55-9f17c2758222","f5d774fc-3e9a-419b-8459-d4f6267a1b0d","17e4ce99-88cf-49db-9f74-0ecd58e91a5a","ec3c8518-4ff9-4233-aa4b-3df76defcbb3","8cd83ee0-1ea1-40fc-af0c-50d4e62c3e58","a1b786f5-359b-4a68-b141-00e8a969b62b","2ef2c799-8499-4634-b227-96c14543b77d"],"settings":{}},"predictive-search":{"type":"predictive-search","settings":{}},"cookies-banner":{"type":"cookies-banner","settings":{"enable":true,"heading":"Section heading","content":"","color_scheme":"accent-1"}},"quick-view":{"type":"quick-view","blocks":{"81681345-92da-40d5-b495-55347c040808":{"type":"title","settings":{"show_vendor_link":true}},"b584dc9b-0ad8-4a39-9dd0-0b9f6094d975":{"type":"rating","settings":{}},"2961e62f-c3f6-4c1a-a2f3-16550bf5d57f":{"type":"price","settings":{}},"c23b6d41-96d0-4988-8c67-db14307e7b03":{"type":"sale_box","settings":{"show_free_shipping_bar":true,"enable_compare":true,"picker_type":"button","enable_color_swatches":true,"color_swatches_style":"custom","quantity_selector_enable":true,"show_dynamic_checkout":true}},"4305c2ed-5cf2-473e-9b95-b0e37e575c0f":{"type":"description","settings":{}}},"block_order":["81681345-92da-40d5-b495-55347c040808","b584dc9b-0ad8-4a39-9dd0-0b9f6094d975","2961e62f-c3f6-4c1a-a2f3-16550bf5d57f","c23b6d41-96d0-4988-8c67-db14307e7b03","4305c2ed-5cf2-473e-9b95-b0e37e575c0f"],"settings":{"use_background_input":true,"enable_sticky_info":true,"gallery_layout":"thumbnail_slider_vertical","media_position":"left","thumbnail_position":"left","image_ratio":"adapt","image_fit":true,"hide_variants":false,"enable_video_looping":false}},"quick-add-drawer":{"type":"quick-add-drawer","settings":{"media_size":"large","image_ratio":"adapt","image_fit":true,"picker_type":"button","enable_color_swatches":true,"color_swatches_style":"custom","size_chart_enable":true,"size_chart_option":"size","size_chart_link_label":"Size chart","size_chart_page":"","quantity_selector_enable":true,"show_dynamic_checkout":true}},"product-compare":{"type":"product-compare","blocks":{"65eb90e2-9bad-4195-ae5c-9d4c904f5c38":{"type":"featured_image","settings":{"title":"Featured image","image_ratio":"square"}},"d98fdf9b-945c-4370-8763-d0577d9effe2":{"type":"vendor","settings":{"title":"Brand"}},"dce95a7b-c533-49ff-8e3e-380d247bd0c5":{"type":"title","settings":{"title":"Product name"}},"e81b616d-a410-4d85-ae58-91e0bf091c86":{"type":"price","settings":{"title":"Price"}},"f71a4af9-0aed-4785-a4f3-2446a66ba3cc":{"type":"rating","settings":{"title":"Rating"}},"7ac0a8eb-4cc2-4a21-aa9d-1c69e87b7b06":{"type":"availability","settings":{"title":"Availability"}},"26bc3da8-b83a-4fb7-9472-d4ba3cb40f4e":{"type":"options","settings":{"title":"Options","picker_type":"button","enable_color_swatches":true,"color_swatches_style":"custom"}},"bbf86ff5-5b81-42c9-a4a2-69b873970097":{"type":"add_to_cart","settings":{"title":"Add to cart","show_quantity_selector":true}},"430aba50-6e31-4d57-9679-c63fbb534da9":{"type":"description","settings":{"title":"Description"}}},"block_order":["65eb90e2-9bad-4195-ae5c-9d4c904f5c38","d98fdf9b-945c-4370-8763-d0577d9effe2","dce95a7b-c533-49ff-8e3e-380d247bd0c5","e81b616d-a410-4d85-ae58-91e0bf091c86","f71a4af9-0aed-4785-a4f3-2446a66ba3cc","7ac0a8eb-4cc2-4a21-aa9d-1c69e87b7b06","26bc3da8-b83a-4fb7-9472-d4ba3cb40f4e","bbf86ff5-5b81-42c9-a4a2-69b873970097","430aba50-6e31-4d57-9679-c63fbb534da9"],"settings":{}},"email-signup-popup":{"type":"email-signup-popup","settings":{"enable":false,"heading":"Signup for our newsletter","description":"","email_placeholder":"Enter your email here","notification_text":"Don't show this popup again.","content_position":"right","delay_time":5,"disable_account_holder":true,"expiration_time":5,"accessibility_info":"Signup newsletter popup","color_scheme":"background-2"}}},"content_for_index":[],"color_schemes":{"background-1":{"settings":{"text":"#121212","sale_off_price":"#ef4444","compare_at_price":"#94a3b8","background":"#ffffff","gradient_background":"","background_input":"#fafafa","solid_button_label_primary":"#ffffff","solid_button_background_primary":"#2563eb","review_stars":"#fbbf24","free_shipping_tracking_gradient_background":"linear-gradient(269.94deg, rgba(239, 68, 68, 1) 0.05%, rgba(251, 191, 36, 1) 99.95%)","text_message_success":"#166534","background_message_success":"#effdf4","text_message_warning":"#a06207","background_message_warning":"#fefce8","text_message_error":"#981c1b","background_message_error":"#fef2f2"}},"background-2":{"settings":{"text":"#000000","sale_off_price":"#ef4444","compare_at_price":"#94a3b8","background":"#fafafa","gradient_background":"","background_input":"#ffffff","solid_button_label_primary":"#ffffff","solid_button_background_primary":"#2563eb","review_stars":"#fbbf24","free_shipping_tracking_gradient_background":"linear-gradient(269.94deg, rgba(239, 68, 68, 1) 0.05%, rgba(251, 191, 36, 1) 99.95%)","text_message_success":"#166534","background_message_success":"#effdf4","text_message_warning":"#a06207","background_message_warning":"#fefce8","text_message_error":"#981c1b","background_message_error":"#fef2f2"}},"inverse":{"settings":{"text":"#fafafa","sale_off_price":"#ef4444","compare_at_price":"#737373","background":"#262626","gradient_background":"","background_input":"#171717","solid_button_label_primary":"#ffffff","solid_button_background_primary":"#2c91f4","review_stars":"#0445ca","free_shipping_tracking_gradient_background":"linear-gradient(269.94deg, rgba(239, 68, 68, 1) 0.05%, rgba(251, 191, 36, 1) 99.95%)","text_message_success":"#166534","background_message_success":"#effdf4","text_message_warning":"#a06207","background_message_warning":"#fefce8","text_message_error":"#981c1b","background_message_error":"#fef2f2"}}}},"presets":{"Light":{"color_scheme_body":"background-1","auto_generate_font_weight":true,"type_header_font":"inter_n4","heading_scale":100,"type_body_font":"inter_n4","body_scale":100,"page_width":1440,"spacing_sections":0,"spacing_grid_horizontal":28,"spacing_grid_vertical":28,"page_heading_overlay_color":"#212c4d","page_heading_collection_image_height":"15","page_heading_blog_image_height":"15","page_heading_other_image_height":"15","enable_breadcrumns":true,"color_swatches_shape":"circle","card_text_alignment":"left","collection_card_color_scheme":"inverse","sale_badge_label":"amount","sale_badge_text_color":"#dc2626","sale_badge_background":"#fef2f2","sold_out_badge_text_color":"#ea5c5c","sold_out_badge_background":"#fff","custom_badge_metafield_1":"badges.new","custom_badge_text_color_1":"#16a34a","custom_badge_background_1":"#f0fdf4","predictive_search_enabled":true,"favicon":"shopify:\/\/shop_images\/favicon.png","currency_code_enabled":false,"back_to_top_button_enable":true,"recently_viewed_enable":true,"recently_viewed_image_ratio":"adapt","recently_viewed_show_secondary_image":true,"recently_viewed_show_rating":true,"recently_viewed_enable_quick_add":true,"recently_viewed_enable_quick_view":true,"recently_viewed_columns_mobile":"1","color_schemes":{"background-1":{"settings":{"text":"#121212","sale_off_price":"#ef4444","compare_at_price":"#94a3b8","background":"#ffffff","gradient_background":"","background_input":"#fafafa","solid_button_label_primary":"#ffffff","solid_button_background_primary":"#2563eb","review_stars":"#fbbf24","free_shipping_tracking_gradient_background":"linear-gradient(269.94deg, rgba(239, 68, 68, 1) 0.05%, rgba(251, 191, 36, 1) 99.95%)","text_message_success":"#166534","background_message_success":"#effdf4","text_message_warning":"#a06207","background_message_warning":"#fefce8","text_message_error":"#981c1b","background_message_error":"#fef2f2"}},"background-2":{"settings":{"text":"#000000","sale_off_price":"#ef4444","compare_at_price":"#94a3b8","background":"#fafafa","gradient_background":"","background_input":"#ffffff","solid_button_label_primary":"#ffffff","solid_button_background_primary":"#2563eb","review_stars":"#fbbf24","free_shipping_tracking_gradient_background":"linear-gradient(269.94deg, rgba(239, 68, 68, 1) 0.05%, rgba(251, 191, 36, 1) 99.95%)","text_message_success":"#166534","background_message_success":"#effdf4","text_message_warning":"#a06207","background_message_warning":"#fefce8","text_message_error":"#981c1b","background_message_error":"#fef2f2"}},"inverse":{"settings":{"text":"#fafafa","sale_off_price":"#ef4444","compare_at_price":"#737373","background":"#262626","gradient_background":"","background_input":"#171717","solid_button_label_primary":"#ffffff","solid_button_background_primary":"#2c91f4","review_stars":"#0445ca","free_shipping_tracking_gradient_background":"linear-gradient(269.94deg, rgba(239, 68, 68, 1) 0.05%, rgba(251, 191, 36, 1) 99.95%)","text_message_success":"#166534","background_message_success":"#effdf4","text_message_warning":"#a06207","background_message_warning":"#fefce8","text_message_error":"#981c1b","background_message_error":"#fef2f2"}}}},"Dark":{"color_scheme_body":"background-1","auto_generate_font_weight":true,"type_header_font":"inter_n4","heading_scale":100,"type_body_font":"inter_n4","body_scale":100,"page_width":1440,"spacing_sections":0,"spacing_grid_horizontal":28,"spacing_grid_vertical":28,"page_heading_overlay_color":"#171717","page_heading_collection_image_height":"15","page_heading_blog_image_height":"15","page_heading_other_image_height":"15","enable_breadcrumns":true,"color_swatches_shape":"circle","card_text_alignment":"left","card_show_border":false,"card_box_shadow_opacity":50,"collection_card_color_scheme":"background-1","sale_badge_label":"amount","sale_badge_text_color":"#DA2127","custom_badge_metafield_1":"badges.new","predictive_search_enabled":true,"currency_code_enabled":false,"recently_viewed_enable":true,"recently_viewed_image_ratio":"adapt","recently_viewed_show_secondary_image":true,"recently_viewed_show_rating":true,"recently_viewed_enable_quick_add":true,"recently_viewed_enable_quick_view":true,"recently_viewed_columns_mobile":"1","color_schemes":{"background-1":{"settings":{"text":"#fafafa","sale_off_price":"#ef4444","compare_at_price":"#737373","background":"#262626","gradient_background":"","background_input":"#171717","solid_button_label_primary":"#ffffff","solid_button_background_primary":"#ca8a04","review_stars":"#fbbf24","free_shipping_tracking_gradient_background":"linear-gradient(269.94deg, rgba(239, 68, 68, 1) 0.05%, rgba(251, 191, 36, 1) 99.95%)","text_message_success":"#166534","background_message_success":"#effdf4","text_message_warning":"#a06207","background_message_warning":"#fefce8","text_message_error":"#981c1b","background_message_error":"#fef2f2"}},"background-2":{"settings":{"text":"#fafafa","sale_off_price":"#ef4444","compare_at_price":"#737373","background":"#101010","gradient_background":"","background_input":"#000000","solid_button_label_primary":"#ffffff","solid_button_background_primary":"#ca8a04","review_stars":"#fbbf24","free_shipping_tracking_gradient_background":"linear-gradient(269.94deg, rgba(239, 68, 68, 1) 0.05%, rgba(251, 191, 36, 1) 99.95%)","text_message_success":"#166534","background_message_success":"#effdf4","text_message_warning":"#a06207","background_message_warning":"#fefce8","text_message_error":"#981c1b","background_message_error":"#fef2f2"}},"inverse":{"settings":{"text":"#121212","sale_off_price":"#ef4444","compare_at_price":"#b7b894","background":"#ffffff","gradient_background":"","background_input":"#f8fafc","solid_button_label_primary":"#ffffff","solid_button_background_primary":"#ca8a04","review_stars":"#fbbf24","free_shipping_tracking_gradient_background":"linear-gradient(269.94deg, rgba(239, 68, 68, 1) 0.05%, rgba(251, 191, 36, 1) 99.95%)","text_message_success":"#166534","background_message_success":"#effdf4","text_message_warning":"#a06207","background_message_warning":"#fefce8","text_message_error":"#981c1b","background_message_error":"#fef2f2"}}}}}}